"record_id","phase","slot_id","group","arm","condition","terminal_kind","diagnostic_verdict","scope_treatment","root_elapsed_seconds","actor_process_seconds","elapsed_method","allowance_seconds","per_review_allowance_seconds","actor_dispatch_count","unique_sessions","known_input_tokens","known_cached_input_tokens","known_output_tokens","known_reasoning_output_tokens","usage_complete","missing_usage_dispatches","acceptance_verdict","technical_pass","reviewer_verdicts","adjudication_used","dispatch_concurrency","new_main_sample","human_engineering_recovery","terminal_path","acceptance_terminal_path","snapshot_path","snapshot_sha256","usd"
"main:r2-l1-a","main_original","r2-l1-a","L1","A","","author_return","","","912.4509716033936","","root clock to explicit C submission; otherwise latest closed root/descendant dispatch","5400","","2","2","4346485","4100864","34139","8724","true","[]","pass","true","","","","true","false","D:\Grad_Study\Practimum\Formalization\review_history_retro_20260901\research_framework\replication_20260913\runs\r2-l1-a\SOLVER_TERMINAL.json","D:\Grad_Study\Practimum\Formalization\review_history_retro_20260901\research_framework\replication_20260913\acceptance\r2-l1-a\TERMINAL.json","D:\Grad_Study\Practimum\Formalization\review_history_retro_20260901\research_framework\replication_20260913\runs\r2-l1-a\final-snapshot\work.tar","828ecb28789cbeb111653139c78a6f61e93cafa3f9655f57a8f3a5ed0a3f2d76",""
"main:r2-l1-b","main_original","r2-l1-b","L1","B","","author_return","","","890.6781520843506","","root clock to explicit C submission; otherwise latest closed root/descendant dispatch","5400","","2","2","3442740","3281920","33414","6177","true","[]","pass","true","","","","true","false","D:\Grad_Study\Practimum\Formalization\review_history_retro_20260901\research_framework\replication_20260913\runs\r2-l1-b\SOLVER_TERMINAL.json","D:\Grad_Study\Practimum\Formalization\review_history_retro_20260901\research_framework\replication_20260913\acceptance\r2-l1-b\TERMINAL.json","D:\Grad_Study\Practimum\Formalization\review_history_retro_20260901\research_framework\replication_20260913\runs\r2-l1-b\final-snapshot\work.tar","75e64c225392c7affec4c082e789383eb4adc5dcd14bbeba292964ca785df2c7",""
"main:r2-l1-c","main_original","r2-l1-c","L1","C","","explicit_submit","","","907.1169295310974","","root clock to explicit C submission; otherwise latest closed root/descendant dispatch","5400","","3","3","2364969","2186496","36975","6051","true","[]","pass","true","","","","true","false","D:\Grad_Study\Practimum\Formalization\review_history_retro_20260901\research_framework\replication_20260913\runs\r2-l1-c\SOLVER_TERMINAL.json","D:\Grad_Study\Practimum\Formalization\review_history_retro_20260901\research_framework\replication_20260913\acceptance\r2-l1-c\TERMINAL.json","D:\Grad_Study\Practimum\Formalization\review_history_retro_20260901\research_framework\replication_20260913\runs\r2-l1-c\candidates\c1\work.tar","bc483f883d65d4b2e32919e1471658db3732d789a8041e1df7b5c313f0ef4770",""
"main:r2-l2-b","main_original","r2-l2-b","L2","B","","author_return","","","978.0429489612579","","root clock to explicit C submission; otherwise latest closed root/descendant dispatch","7200","","3","3","3170506","2988288","33131","7852","true","[]","pass","true","","","","true","false","D:\Grad_Study\Practimum\Formalization\review_history_retro_20260901\research_framework\replication_20260913\runs\r2-l2-b\SOLVER_TERMINAL.json","D:\Grad_Study\Practimum\Formalization\review_history_retro_20260901\research_framework\replication_20260913\acceptance\r2-l2-b\TERMINAL.json","D:\Grad_Study\Practimum\Formalization\review_history_retro_20260901\research_framework\replication_20260913\runs\r2-l2-b\final-snapshot\work.tar","7e4a9fca8f359132cc807ba1ddc15d450da1442854805a2ac7e17e2e78440922",""
"main:r2-l2-c","main_original","r2-l2-c","L2","C","","explicit_submit","","","1131.3793947696686","","root clock to explicit C submission; otherwise latest closed root/descendant dispatch","7200","","5","3","3557210","3308032","38072","9471","true","[]","pass","true","","","","true","false","D:\Grad_Study\Practimum\Formalization\review_history_retro_20260901\research_framework\replication_20260913\runs\r2-l2-c\SOLVER_TERMINAL.json","D:\Grad_Study\Practimum\Formalization\review_history_retro_20260901\research_framework\replication_20260913\acceptance\r2-l2-c\TERMINAL.json","D:\Grad_Study\Practimum\Formalization\review_history_retro_20260901\research_framework\replication_20260913\runs\r2-l2-c\candidates\c2\work.tar","3b12fd886e05418b79a4ee236b3e3570370072c7224838d8d736246572bf96db",""
"main:r2-l2-a","main_original","r2-l2-a","L2","A","","author_return","","","1005.167117357254","","root clock to explicit C submission; otherwise latest closed root/descendant dispatch","7200","","3","3","5204890","4874880","35823","9601","true","[]","pass","true","","","","true","false","D:\Grad_Study\Practimum\Formalization\review_history_retro_20260901\research_framework\replication_20260913\runs\r2-l2-a\SOLVER_TERMINAL.json","D:\Grad_Study\Practimum\Formalization\review_history_retro_20260901\research_framework\replication_20260913\acceptance\r2-l2-a\TERMINAL.json","D:\Grad_Study\Practimum\Formalization\review_history_retro_20260901\research_framework\replication_20260913\runs\r2-l2-a\final-snapshot\work.tar","26d539755b5a62f721ec542e9339ecfdf6c5f65953a2bb79548852300fc050a6",""
"main:r2-l3-c","main_original","r2-l3-c","L3","C","","explicit_submit","","","1390.7111122608185","","root clock to explicit C submission; otherwise latest closed root/descendant dispatch","7200","","4","3","6642131","6355456","52291","10881","true","[]","fail","true","","","","true","false","D:\Grad_Study\Practimum\Formalization\review_history_retro_20260901\research_framework\replication_20260913\runs\r2-l3-c\SOLVER_TERMINAL.json","D:\Grad_Study\Practimum\Formalization\review_history_retro_20260901\research_framework\replication_20260913\acceptance\r2-l3-c\TERMINAL.json","D:\Grad_Study\Practimum\Formalization\review_history_retro_20260901\research_framework\replication_20260913\runs\r2-l3-c\candidates\c1\work.tar","50b12251c5fca3753611453427c868f33f019839af43bd7ec449d1962cb1ee87",""
"main:r2-l3-a","main_original","r2-l3-a","L3","A","","author_return","","","1538.3568971157074","","root clock to explicit C submission; otherwise latest closed root/descendant dispatch","7200","","3","3","6979609","6639616","55716","12543","true","[]","pass","true","","","","true","true","D:\Grad_Study\Practimum\Formalization\review_history_retro_20260901\research_framework\replication_20260913\runs\r2-l3-a\SOLVER_TERMINAL.json","D:\Grad_Study\Practimum\Formalization\review_history_retro_20260901\research_framework\replication_20260913\acceptance\r2-l3-a\TERMINAL.json","D:\Grad_Study\Practimum\Formalization\review_history_retro_20260901\research_framework\replication_20260913\recovery_al3_20260914\run\final-snapshot\work.tar","a324bcfd36cf0f2d692378b007f49f61f73c2f8a24f924d21216cc278e4ee9ee",""
"main:r2-l3-b","main_original","r2-l3-b","L3","B","","author_return","","","819.2936675548553","","root clock to explicit C submission; otherwise latest closed root/descendant dispatch","7200","","2","2","3290880","3123072","28458","6600","true","[]","pass","true","","","","true","false","D:\Grad_Study\Practimum\Formalization\review_history_retro_20260901\research_framework\replication_20260913\runs\r2-l3-b\SOLVER_TERMINAL.json","D:\Grad_Study\Practimum\Formalization\review_history_retro_20260901\research_framework\replication_20260913\acceptance\r2-l3-b\TERMINAL.json","D:\Grad_Study\Practimum\Formalization\review_history_retro_20260901\research_framework\replication_20260913\runs\r2-l3-b\final-snapshot\work.tar","1e04e1a9beab2a12e9494f7a5f29d29c4ec30591ab7f7841bd6527c4a10e38c4",""
"main:r2-l4-a","main_original","r2-l4-a","L4","A","","author_return","","","2461.530368089676","","root clock to explicit C submission; otherwise latest closed root/descendant dispatch","7200","","7","5","13021625","12203776","92806","21081","true","[]","pass","true","","","","true","false","D:\Grad_Study\Practimum\Formalization\review_history_retro_20260901\research_framework\replication_20260913\runs\r2-l4-a\SOLVER_TERMINAL.json","D:\Grad_Study\Practimum\Formalization\review_history_retro_20260901\research_framework\replication_20260913\acceptance\r2-l4-a\TERMINAL.json","D:\Grad_Study\Practimum\Formalization\review_history_retro_20260901\research_framework\replication_20260913\runs\r2-l4-a\final-snapshot\work.tar","1777a3ae9e270c1b901f143d8c3b15d12f28bdc3d48d12dfd260d8e8fbc1197a",""
"main:r2-l4-b","main_original","r2-l4-b","L4","B","","author_return","","","1127.2483940124512","","root clock to explicit C submission; otherwise latest closed root/descendant dispatch","7200","","3","3","3743245","3517184","37467","9788","true","[]","pass","true","","","","true","false","D:\Grad_Study\Practimum\Formalization\review_history_retro_20260901\research_framework\replication_20260913\runs\r2-l4-b\SOLVER_TERMINAL.json","D:\Grad_Study\Practimum\Formalization\review_history_retro_20260901\research_framework\replication_20260913\acceptance\r2-l4-b\TERMINAL.json","D:\Grad_Study\Practimum\Formalization\review_history_retro_20260901\research_framework\replication_20260913\runs\r2-l4-b\final-snapshot\work.tar","62e2b932e3860692947d9c23ceb8120a9c4b505e146c68c3b27ea8ff6e3109ac",""
"main:r2-l4-c","main_original","r2-l4-c","L4","C","","explicit_submit","","","1075.9709749221802","","root clock to explicit C submission; otherwise latest closed root/descendant dispatch","7200","","3","3","3549486","3351040","32717","8806","true","[]","pass","true","","","","true","false","D:\Grad_Study\Practimum\Formalization\review_history_retro_20260901\research_framework\replication_20260913\runs\r2-l4-c\SOLVER_TERMINAL.json","D:\Grad_Study\Practimum\Formalization\review_history_retro_20260901\research_framework\replication_20260913\acceptance\r2-l4-c\TERMINAL.json","D:\Grad_Study\Practimum\Formalization\review_history_retro_20260901\research_framework\replication_20260913\runs\r2-l4-c\candidates\c1\work.tar","8054137d5f3ae4519eb501310e46f540e5d03f2863c131f3500871fe87aab64f",""
"main:r2-l5-b","main_original","r2-l5-b","L5","B","","author_return","","","1181.7833306789398","","root clock to explicit C submission; otherwise latest closed root/descendant dispatch","7200","","4","4","3683258","3435776","42041","11677","true","[]","pass","true","","","","true","false","D:\Grad_Study\Practimum\Formalization\review_history_retro_20260901\research_framework\replication_20260913\runs\r2-l5-b\SOLVER_TERMINAL.json","D:\Grad_Study\Practimum\Formalization\review_history_retro_20260901\research_framework\replication_20260913\acceptance\r2-l5-b\TERMINAL.json","D:\Grad_Study\Practimum\Formalization\review_history_retro_20260901\research_framework\replication_20260913\runs\r2-l5-b\final-snapshot\work.tar","f6a0e1e37d1728d146c1da2414786fb67797ee6fb1f9734f2040ded24a9e4e51",""
"main:r2-l5-c","main_original","r2-l5-c","L5","C","","explicit_submit","","","1796.3580784797668","","root clock to explicit C submission; otherwise latest closed root/descendant dispatch","7200","","6","4","7443795","6968832","68637","20006","true","[]","pass","true","","","","true","false","D:\Grad_Study\Practimum\Formalization\review_history_retro_20260901\research_framework\replication_20260913\runs\r2-l5-c\SOLVER_TERMINAL.json","D:\Grad_Study\Practimum\Formalization\review_history_retro_20260901\research_framework\replication_20260913\acceptance\r2-l5-c\TERMINAL.json","D:\Grad_Study\Practimum\Formalization\review_history_retro_20260901\research_framework\replication_20260913\runs\r2-l5-c\candidates\c2\work.tar","38c743f3e7654348c8583692a46f1436822f1e0ac9f4f094fcff22147a6f8976",""
"main:r2-l5-a","main_original","r2-l5-a","L5","A","","author_return","","","1963.0257239341736","","root clock to explicit C submission; otherwise latest closed root/descendant dispatch","7200","","5","5","8362506","7583488","70600","19304","true","[]","pass","true","","","","true","false","D:\Grad_Study\Practimum\Formalization\review_history_retro_20260901\research_framework\replication_20260913\runs\r2-l5-a\SOLVER_TERMINAL.json","D:\Grad_Study\Practimum\Formalization\review_history_retro_20260901\research_framework\replication_20260913\acceptance\r2-l5-a\TERMINAL.json","D:\Grad_Study\Practimum\Formalization\review_history_retro_20260901\research_framework\replication_20260913\runs\r2-l5-a\final-snapshot\work.tar","24c83479e367803a3f2fa38ced357460c2d2f6f945d4d86809c1d3ca0b3a22f8",""
"main:r2-l6-c","main_original","r2-l6-c","L6","C","","explicit_submit","","","1280.7646238803864","","root clock to explicit C submission; otherwise latest closed root/descendant dispatch","7200","","3","3","4908403","4528128","53253","10287","true","[]","pass","true","","","","true","false","D:\Grad_Study\Practimum\Formalization\review_history_retro_20260901\research_framework\replication_20260913\runs\r2-l6-c\SOLVER_TERMINAL.json","D:\Grad_Study\Practimum\Formalization\review_history_retro_20260901\research_framework\replication_20260913\acceptance\r2-l6-c\TERMINAL.json","D:\Grad_Study\Practimum\Formalization\review_history_retro_20260901\research_framework\replication_20260913\runs\r2-l6-c\candidates\c1\work.tar","4b8577cda46a488f7923e1d06a5a91f9c0fdaffd054ee03a118eebdfc757ed07",""
"main:r2-l6-a","main_original","r2-l6-a","L6","A","","author_return","","","1470.5672886371613","","root clock to explicit C submission; otherwise latest closed root/descendant dispatch","7200","","2","2","7076995","6765312","52459","11710","true","[]","pass","true","","","","true","false","D:\Grad_Study\Practimum\Formalization\review_history_retro_20260901\research_framework\replication_20260913\runs\r2-l6-a\SOLVER_TERMINAL.json","D:\Grad_Study\Practimum\Formalization\review_history_retro_20260901\research_framework\replication_20260913\acceptance\r2-l6-a\TERMINAL.json","D:\Grad_Study\Practimum\Formalization\review_history_retro_20260901\research_framework\replication_20260913\runs\r2-l6-a\final-snapshot\work.tar","7b963a523aa218319c098db77b6908cf4a956b26cf9ecb7204092a3dc605ef53",""
"main:r2-l6-b","main_original","r2-l6-b","L6","B","","author_return","","","2047.7207045555115","","root clock to explicit C submission; otherwise latest closed root/descendant dispatch","7200","","5","5","7124870","6784128","78857","17258","true","[]","pass","true","","","","true","false","D:\Grad_Study\Practimum\Formalization\review_history_retro_20260901\research_framework\replication_20260913\runs\r2-l6-b\SOLVER_TERMINAL.json","D:\Grad_Study\Practimum\Formalization\review_history_retro_20260901\research_framework\replication_20260913\acceptance\r2-l6-b\TERMINAL.json","D:\Grad_Study\Practimum\Formalization\review_history_retro_20260901\research_framework\replication_20260913\runs\r2-l6-b\final-snapshot\work.tar","6ef9f0c88239b043bd1228d6dc229b2775fd54c1897efd792a678f330e3e4cb0",""
"main:r2-l7-a","main_original","r2-l7-a","L7","A","","author_return","","","1296.599172592163","","root clock to explicit C submission; otherwise latest closed root/descendant dispatch","7200","","3","3","5153656","4815872","48426","13308","true","[]","pass","true","","","","true","false","D:\Grad_Study\Practimum\Formalization\review_history_retro_20260901\research_framework\replication_20260913\runs\r2-l7-a\SOLVER_TERMINAL.json","D:\Grad_Study\Practimum\Formalization\review_history_retro_20260901\research_framework\replication_20260913\acceptance\r2-l7-a\TERMINAL.json","D:\Grad_Study\Practimum\Formalization\review_history_retro_20260901\research_framework\replication_20260913\runs\r2-l7-a\final-snapshot\work.tar","a27346077f1b6570c69af88fa3f3cc9f3399ae67ce3416663fdcf4040451f685",""
"main:r2-l7-b","main_original","r2-l7-b","L7","B","","author_return","","","1439.3309423923492","","root clock to explicit C submission; otherwise latest closed root/descendant dispatch","7200","","4","4","4417544","4162176","44101","13114","true","[]","pass","true","","","","true","false","D:\Grad_Study\Practimum\Formalization\review_history_retro_20260901\research_framework\replication_20260913\runs\r2-l7-b\SOLVER_TERMINAL.json","D:\Grad_Study\Practimum\Formalization\review_history_retro_20260901\research_framework\replication_20260913\acceptance\r2-l7-b\TERMINAL.json","D:\Grad_Study\Practimum\Formalization\review_history_retro_20260901\research_framework\replication_20260913\runs\r2-l7-b\final-snapshot\work.tar","0371ab1c93545e49d9e3ae2f0c31d0474f5f4b33c3df45e7c6488fe6e1dabd35",""
"main:r2-l7-c","main_original","r2-l7-c","L7","C","","explicit_submit","","","1312.9042859077454","","root clock to explicit C submission; otherwise latest closed root/descendant dispatch","7200","","7","3","4048126","3739392","42890","9729","true","[]","pass","true","","","","true","false","D:\Grad_Study\Practimum\Formalization\review_history_retro_20260901\research_framework\replication_20260913\runs\r2-l7-c\SOLVER_TERMINAL.json","D:\Grad_Study\Practimum\Formalization\review_history_retro_20260901\research_framework\replication_20260913\acceptance\r2-l7-c\TERMINAL.json","D:\Grad_Study\Practimum\Formalization\review_history_retro_20260901\research_framework\replication_20260913\runs\r2-l7-c\candidates\c3\work.tar","3ab37d0ce3ee692d2808840395e73c295b94ab499f591d2d43c4b26ff25076cc",""
"main:r2-m1-b","main_original","r2-m1-b","M1","B","","author_return","","","1421.8268344402313","","root clock to explicit C submission; otherwise latest closed root/descendant dispatch","14400","","3","3","6772229","6473088","44414","12884","true","[]","pass","true","","","","true","false","D:\Grad_Study\Practimum\Formalization\review_history_retro_20260901\research_framework\replication_20260913\runs\r2-m1-b\SOLVER_TERMINAL.json","D:\Grad_Study\Practimum\Formalization\review_history_retro_20260901\research_framework\replication_20260913\acceptance\r2-m1-b\TERMINAL.json","D:\Grad_Study\Practimum\Formalization\review_history_retro_20260901\research_framework\replication_20260913\runs\r2-m1-b\final-snapshot\work.tar","ef966794ea87a5d39757b23dcececacccc02770d438fe55d9a4cb6eb63027b86",""
"main:r2-m1-c","main_original","r2-m1-c","M1","C","","explicit_submit","","","1420.4950015544891","","root clock to explicit C submission; otherwise latest closed root/descendant dispatch","14400","","4","3","7410304","7065216","48813","11931","true","[]","pass","true","","","","true","false","D:\Grad_Study\Practimum\Formalization\review_history_retro_20260901\research_framework\replication_20260913\runs\r2-m1-c\SOLVER_TERMINAL.json","D:\Grad_Study\Practimum\Formalization\review_history_retro_20260901\research_framework\replication_20260913\acceptance\r2-m1-c\TERMINAL.json","D:\Grad_Study\Practimum\Formalization\review_history_retro_20260901\research_framework\replication_20260913\runs\r2-m1-c\candidates\c1\work.tar","4c04819ee7ae16316894666eab5edfe91e49e8ac1e937843f01bdff90ecf8ab9",""
"main:r2-m1-a","main_original","r2-m1-a","M1","A","","author_return","","","3114.6211438179016","","root clock to explicit C submission; otherwise latest closed root/descendant dispatch","14400","","10","6","17107946","16273792","102084","25222","true","[]","fail","true","","","","true","false","D:\Grad_Study\Practimum\Formalization\review_history_retro_20260901\research_framework\replication_20260913\runs\r2-m1-a\SOLVER_TERMINAL.json","D:\Grad_Study\Practimum\Formalization\review_history_retro_20260901\research_framework\replication_20260913\acceptance\r2-m1-a\TERMINAL.json","D:\Grad_Study\Practimum\Formalization\review_history_retro_20260901\research_framework\replication_20260913\runs\r2-m1-a\final-snapshot\work.tar","9b6c34dede5c231740e7e90495ccbc50e1136d7f032bcdfac2baf6bb74b569ea",""
"main:r2-m2-c","main_original","r2-m2-c","M2","C","","explicit_submit","","","1366.8730702400208","","root clock to explicit C submission; otherwise latest closed root/descendant dispatch","14400","","3","3","7572446","7278464","49372","10534","true","[]","pass","true","","","","true","false","D:\Grad_Study\Practimum\Formalization\review_history_retro_20260901\research_framework\replication_20260913\runs\r2-m2-c\SOLVER_TERMINAL.json","D:\Grad_Study\Practimum\Formalization\review_history_retro_20260901\research_framework\replication_20260913\acceptance\r2-m2-c\TERMINAL.json","D:\Grad_Study\Practimum\Formalization\review_history_retro_20260901\research_framework\replication_20260913\runs\r2-m2-c\candidates\c1\work.tar","17bb7f4c80b62af8fb74616a325a20f1c0ebd7701e192205d3a44047fa760e6a",""
"main:r2-m2-a","main_original","r2-m2-a","M2","A","","author_return","","","3069.9579730033875","","root clock to explicit C submission; otherwise latest closed root/descendant dispatch","14400","","5","5","18589232","17862656","111849","34286","true","[]","pass","true","","","","true","false","D:\Grad_Study\Practimum\Formalization\review_history_retro_20260901\research_framework\replication_20260913\runs\r2-m2-a\SOLVER_TERMINAL.json","D:\Grad_Study\Practimum\Formalization\review_history_retro_20260901\research_framework\replication_20260913\acceptance\r2-m2-a\TERMINAL.json","D:\Grad_Study\Practimum\Formalization\review_history_retro_20260901\research_framework\replication_20260913\runs\r2-m2-a\final-snapshot\work.tar","02fb3b2ac9fa1ea0b9293e33c8eb3dd54fa7cb3c2980b0eaa7fe233b1e1075c3",""
"main:r2-m2-b","main_original","r2-m2-b","M2","B","","author_return","","","2433.304626941681","","root clock to explicit C submission; otherwise latest closed root/descendant dispatch","14400","","3","3","14785583","14423680","74322","19708","true","[]","fail","true","","","","true","false","D:\Grad_Study\Practimum\Formalization\review_history_retro_20260901\research_framework\replication_20260913\runs\r2-m2-b\SOLVER_TERMINAL.json","D:\Grad_Study\Practimum\Formalization\review_history_retro_20260901\research_framework\replication_20260913\acceptance\r2-m2-b\TERMINAL.json","D:\Grad_Study\Practimum\Formalization\review_history_retro_20260901\research_framework\replication_20260913\runs\r2-m2-b\final-snapshot\work.tar","bc9ff0fba43cb2fa9255030c5a185ce3bbb25ce521096824053a869e91d376a4",""
"main:r2-m3-a","main_original","r2-m3-a","M3","A","","author_return","","","3014.345513820648","","root clock to explicit C submission; otherwise latest closed root/descendant dispatch","14400","","9","5","12650210","11945600","103408","32536","true","[]","pass","true","","","","true","false","D:\Grad_Study\Practimum\Formalization\review_history_retro_20260901\research_framework\replication_20260913\runs\r2-m3-a\SOLVER_TERMINAL.json","D:\Grad_Study\Practimum\Formalization\review_history_retro_20260901\research_framework\replication_20260913\acceptance\r2-m3-a\TERMINAL.json","D:\Grad_Study\Practimum\Formalization\review_history_retro_20260901\research_framework\replication_20260913\runs\r2-m3-a\final-snapshot\work.tar","625c18b906e0c48f45f2d35ba29ae8ce4d6e13d90ec11f14beb11a83b0e90919",""
"main:r2-m3-b","main_original","r2-m3-b","M3","B","","author_return","","","1212.535546541214","","root clock to explicit C submission; otherwise latest closed root/descendant dispatch","14400","","3","3","5051196","4811392","43196","13159","true","[]","pass","true","","","","true","false","D:\Grad_Study\Practimum\Formalization\review_history_retro_20260901\research_framework\replication_20260913\runs\r2-m3-b\SOLVER_TERMINAL.json","D:\Grad_Study\Practimum\Formalization\review_history_retro_20260901\research_framework\replication_20260913\acceptance\r2-m3-b\TERMINAL.json","D:\Grad_Study\Practimum\Formalization\review_history_retro_20260901\research_framework\replication_20260913\runs\r2-m3-b\final-snapshot\work.tar","d32ac765456125ab32308471b713f20aea4100c0da31c2fcf520ced7f2b2e138",""
"main:r2-m3-c","main_original","r2-m3-c","M3","C","","explicit_submit","","","1097.001377105713","","root clock to explicit C submission; otherwise latest closed root/descendant dispatch","14400","","4","3","3602848","3311616","38797","10054","true","[]","pass","true","","","","true","false","D:\Grad_Study\Practimum\Formalization\review_history_retro_20260901\research_framework\replication_20260913\runs\r2-m3-c\SOLVER_TERMINAL.json","D:\Grad_Study\Practimum\Formalization\review_history_retro_20260901\research_framework\replication_20260913\acceptance\r2-m3-c\TERMINAL.json","D:\Grad_Study\Practimum\Formalization\review_history_retro_20260901\research_framework\replication_20260913\runs\r2-m3-c\candidates\c2\work.tar","d6550c972e3a7250ddd22d80b0f6c452aba5fb0e373e3362e38bcab69825c249",""
"main:r2-h1-b","main_original","r2-h1-b","H1","B","","author_return","","","7433.218747138977","","root clock to explicit C submission; otherwise latest closed root/descendant dispatch","36000","","16","16","42122723","40367744","215446","64960","false","[""1ffa1376-87ec-405b-bef3-936b0a45d42e""]","pass","true","","","","true","false","D:\Grad_Study\Practimum\Formalization\review_history_retro_20260901\research_framework\replication_20260913\runs\r2-h1-b\SOLVER_TERMINAL.json","D:\Grad_Study\Practimum\Formalization\review_history_retro_20260901\research_framework\replication_20260913\acceptance\r2-h1-b\TERMINAL.json","D:\Grad_Study\Practimum\Formalization\review_history_retro_20260901\research_framework\replication_20260913\runs\r2-h1-b\final-snapshot\work.tar","f848a0fdae9e5f4481277273dcc5826b821b55557c2a661628ce5053fa438ddc",""
"main:r2-h1-c","main_original","r2-h1-c","H1","C","","explicit_submit","","","5176.502586841583","","root clock to explicit C submission; otherwise latest closed root/descendant dispatch","36000","","10","3","36352777","35460864","141898","42885","true","[]","pass","true","","","","true","false","D:\Grad_Study\Practimum\Formalization\review_history_retro_20260901\research_framework\replication_20260913\runs\r2-h1-c\SOLVER_TERMINAL.json","D:\Grad_Study\Practimum\Formalization\review_history_retro_20260901\research_framework\replication_20260913\acceptance\r2-h1-c\TERMINAL.json","D:\Grad_Study\Practimum\Formalization\review_history_retro_20260901\research_framework\replication_20260913\runs\r2-h1-c\candidates\c6\work.tar","6a74dbc9e6764ed3c7f264c0a7de474e678e33893ed9eda197366602f1309044",""
"main:r2-h1-a","main_original","r2-h1-a","H1","A","","author_return","","","8135.259531259537","","root clock to explicit C submission; otherwise latest closed root/descendant dispatch","36000","","14","14","45325798","43422592","261059","71138","true","[]","pass","true","","","","true","false","D:\Grad_Study\Practimum\Formalization\review_history_retro_20260901\research_framework\replication_20260913\runs\r2-h1-a\SOLVER_TERMINAL.json","D:\Grad_Study\Practimum\Formalization\review_history_retro_20260901\research_framework\replication_20260913\acceptance\r2-h1-a\TERMINAL.json","D:\Grad_Study\Practimum\Formalization\review_history_retro_20260901\research_framework\replication_20260913\runs\r2-h1-a\final-snapshot\work.tar","4d8d0613c3b1b4605903c6aeb74e5e935510a5f91e9d01ff797a2bb2a6770c58",""
"l3_review:l3-review-a-original-1","l3_review","l3-review-a-original-1","L3","A","original","actor_return","pass","not_reported_as_required","208.84876704216003","","terminal root-clock remaining allowance","7200","","1","1","396957","338688","9836","2198","true","[]","","","","","","false","false","D:\Grad_Study\Practimum\Formalization\review_history_retro_20260901\research_framework\replication_20260913\l3_reviews\l3-review-a-original-1\TERMINAL.json","","","",""
"l3_review:l3-review-b-scope-1","l3_review","l3-review-b-scope-1","L3","B","scope","actor_return","fail","required_repair","146.7446002960205","","terminal root-clock remaining allowance","7200","","1","1","252123","202240","5903","3489","true","[]","","","","","","false","false","D:\Grad_Study\Practimum\Formalization\review_history_retro_20260901\research_framework\replication_20260913\l3_reviews\l3-review-b-scope-1\TERMINAL.json","","","",""
"l3_review:l3-review-b-original-1","l3_review","l3-review-b-original-1","L3","B","original","actor_return","fail","required_repair","110.47077536582947","","terminal root-clock remaining allowance","7200","","1","1","238038","176512","4822","2967","true","[]","","","","","","false","false","D:\Grad_Study\Practimum\Formalization\review_history_retro_20260901\research_framework\replication_20260913\l3_reviews\l3-review-b-original-1\TERMINAL.json","","","",""
"l3_review:l3-review-a-scope-1","l3_review","l3-review-a-scope-1","L3","A","scope","actor_return","fail","required_repair","184.03851890563965","","terminal root-clock remaining allowance","7200","","1","1","255489","201344","9109","1909","true","[]","","","","","","false","false","D:\Grad_Study\Practimum\Formalization\review_history_retro_20260901\research_framework\replication_20260913\l3_reviews\l3-review-a-scope-1\TERMINAL.json","","","",""
"l3_review:l3-review-a-original-2","l3_review","l3-review-a-original-2","L3","A","original","actor_return","pass","not_reported_as_required","197.25531911849976","","terminal root-clock remaining allowance","7200","","1","1","235829","185728","9518","2307","true","[]","","","","","","false","false","D:\Grad_Study\Practimum\Formalization\review_history_retro_20260901\research_framework\replication_20260913\l3_reviews\l3-review-a-original-2\TERMINAL.json","","","",""
"l3_review:l3-review-b-scope-2","l3_review","l3-review-b-scope-2","L3","B","scope","actor_return","fail","required_repair","174.00858402252197","","terminal root-clock remaining allowance","7200","","1","1","362144","315392","7103","4257","true","[]","","","","","","false","false","D:\Grad_Study\Practimum\Formalization\review_history_retro_20260901\research_framework\replication_20260913\l3_reviews\l3-review-b-scope-2\TERMINAL.json","","","",""
"l3_review:l3-review-b-original-2","l3_review","l3-review-b-original-2","L3","B","original","actor_return","pass","optional_improvement","151.7000470161438","","terminal root-clock remaining allowance","7200","","1","1","390755","334720","5864","3117","true","[]","","","","","","false","false","D:\Grad_Study\Practimum\Formalization\review_history_retro_20260901\research_framework\replication_20260913\l3_reviews\l3-review-b-original-2\TERMINAL.json","","","",""
"l3_review:l3-review-a-scope-2","l3_review","l3-review-a-scope-2","L3","A","scope","actor_return","fail","required_repair","211.3534119129181","","terminal root-clock remaining allowance","7200","","1","1","278571","214400","9736","1992","true","[]","","","","","","false","false","D:\Grad_Study\Practimum\Formalization\review_history_retro_20260901\research_framework\replication_20260913\l3_reviews\l3-review-a-scope-2\TERMINAL.json","","","",""
"l3_review:l3-review-a-original-3","l3_review","l3-review-a-original-3","L3","A","original","actor_return","pass","not_reported_as_required","211.24878859519958","","terminal root-clock remaining allowance","7200","","1","1","244983","128640","8403","1554","true","[]","","","","","","false","false","D:\Grad_Study\Practimum\Formalization\review_history_retro_20260901\research_framework\replication_20260913\l3_reviews\l3-review-a-original-3\TERMINAL.json","","","",""
"l3_review:l3-review-b-scope-3","l3_review","l3-review-b-scope-3","L3","B","scope","actor_return","fail","required_repair","166.79660034179688","","terminal root-clock remaining allowance","7200","","1","1","389681","316672","7205","3852","true","[]","","","","","","false","false","D:\Grad_Study\Practimum\Formalization\review_history_retro_20260901\research_framework\replication_20260913\l3_reviews\l3-review-b-scope-3\TERMINAL.json","","","",""
"l3_review:l3-review-b-original-3","l3_review","l3-review-b-original-3","L3","B","original","actor_return","pass","optional_improvement","124.82690739631653","","terminal root-clock remaining allowance","7200","","1","1","266975","218240","5021","2646","true","[]","","","","","","false","false","D:\Grad_Study\Practimum\Formalization\review_history_retro_20260901\research_framework\replication_20260913\l3_reviews\l3-review-b-original-3\TERMINAL.json","","","",""
"l3_review:l3-review-a-scope-3","l3_review","l3-review-a-scope-3","L3","A","scope","actor_return","fail","required_repair","188.06444883346558","","terminal root-clock remaining allowance","7200","","1","1","267322","196224","9132","1885","true","[]","","","","","","false","false","D:\Grad_Study\Practimum\Formalization\review_history_retro_20260901\research_framework\replication_20260913\l3_reviews\l3-review-a-scope-3\TERMINAL.json","","","",""
"l3_repair:l3-repair-a","l3_repair","l3-repair-a","L3","A","","actor_return","","","436.8200354576111","","terminal root-clock remaining allowance","7200","","1","1","1160075","1030784","10179","2723","true","[]","pass","","","","","false","false","D:\Grad_Study\Practimum\Formalization\review_history_retro_20260901\research_framework\replication_20260913\l3_repairs\l3-repair-a\TERMINAL.json","D:\Grad_Study\Practimum\Formalization\review_history_retro_20260901\research_framework\replication_20260913\acceptance\l3-repair-a\TERMINAL.json","","",""
"l3_repair:l3-repair-b","l3_repair","l3-repair-b","L3","B","","actor_return","","","418.61655497550964","","terminal root-clock remaining allowance","7200","","1","1","849390","783616","14945","3101","true","[]","pass","","","","","false","false","D:\Grad_Study\Practimum\Formalization\review_history_retro_20260901\research_framework\replication_20260913\l3_repairs\l3-repair-b\TERMINAL.json","D:\Grad_Study\Practimum\Formalization\review_history_retro_20260901\research_framework\replication_20260913\acceptance\l3-repair-b\TERMINAL.json","","",""
"engineering_recovery:r2-l3-a","al3_engineering_recovery","r2-l3-a","L3","A","","author_return","","","1127.664174079895","","separate authorized recovery-clock remaining allowance","5659.771151781082","","4","4","6070965","5336320","38740","8624","true","[]","pass","","","","","false","true","D:\Grad_Study\Practimum\Formalization\review_history_retro_20260901\research_framework\replication_20260913\recovery_al3_20260914\run\RECOVERY_TERMINAL.json","","","",""
"acceptance:r2-l1-a","common_acceptance","r2-l1-a","L1","A","","complete","","","","278.06199999997625","sum of actor process elapsed; independent clocks per review, preparation excluded","","1800","2","2","866126","707584","11769","3957","true","[]","pass","true","[""pass"",""pass""]","false","1","false","false","D:\Grad_Study\Practimum\Formalization\review_history_retro_20260901\research_framework\replication_20260913\acceptance\r2-l1-a\TERMINAL.json","","","",""
"acceptance:r2-l1-b","common_acceptance","r2-l1-b","L1","B","","complete","","","","297.25","sum of actor process elapsed; independent clocks per review, preparation excluded","","1800","2","2","865838","691968","11923","3150","true","[]","pass","true","[""pass"",""pass""]","false","1","false","false","D:\Grad_Study\Practimum\Formalization\review_history_retro_20260901\research_framework\replication_20260913\acceptance\r2-l1-b\TERMINAL.json","","","",""
"acceptance:r2-l1-c","common_acceptance","r2-l1-c","L1","C","","complete","","","","274.46899999998277","sum of actor process elapsed; independent clocks per review, preparation excluded","","1800","2","2","1075327","906368","10188","2879","true","[]","pass","true","[""pass"",""pass""]","false","1","false","false","D:\Grad_Study\Practimum\Formalization\review_history_retro_20260901\research_framework\replication_20260913\acceptance\r2-l1-c\TERMINAL.json","","","",""
"acceptance:r2-l2-b","common_acceptance","r2-l2-b","L2","B","","complete","","","","290.22000000003027","sum of actor process elapsed; independent clocks per review, preparation excluded","","1800","4","3","130726","77440","8169","1841","false","[""2969f241-4cc4-4012-aa88-603b516517c7"",""a593d00c-b59b-40f6-9703-891b79b577bc""]","pass","true","[""pass"",""inconclusive""]","true","1","false","false","D:\Grad_Study\Practimum\Formalization\review_history_retro_20260901\research_framework\replication_20260913\acceptance\r2-l2-b\TERMINAL.json","","","",""
"acceptance:r2-l2-c","common_acceptance","r2-l2-c","L2","C","","complete","","","","261.23500000004424","sum of actor process elapsed; independent clocks per review, preparation excluded","","1800","2","2","166723","118144","9233","3256","true","[]","pass","true","[""pass"",""pass""]","false","1","false","false","D:\Grad_Study\Practimum\Formalization\review_history_retro_20260901\research_framework\replication_20260913\acceptance\r2-l2-c\TERMINAL.json","","","",""
"acceptance:r2-l2-a","common_acceptance","r2-l2-a","L2","A","","complete","","","","310.454000000027","sum of actor process elapsed; independent clocks per review, preparation excluded","","1800","3","3","253874","177920","10696","2880","true","[]","pass","true","[""pass"",""fail""]","true","1","false","false","D:\Grad_Study\Practimum\Formalization\review_history_retro_20260901\research_framework\replication_20260913\acceptance\r2-l2-a\TERMINAL.json","","","",""
"acceptance:r2-l3-c","common_acceptance","r2-l3-c","L3","C","","complete","","","","492.094000000041","sum of actor process elapsed; independent clocks per review, preparation excluded","","1800","3","3","1867712","1591936","18578","4720","true","[]","fail","true","[""fail"",""pass""]","true","1","false","false","D:\Grad_Study\Practimum\Formalization\review_history_retro_20260901\research_framework\replication_20260913\acceptance\r2-l3-c\TERMINAL.json","","","",""
"acceptance:r2-l3-a","common_acceptance","r2-l3-a","L3","A","","complete","","","","256.73400000005495","sum of actor process elapsed; independent clocks per review, preparation excluded","","1800","2","2","588219","446080","9648","3401","true","[]","pass","true","[""pass"",""pass""]","false","6","false","false","D:\Grad_Study\Practimum\Formalization\review_history_retro_20260901\research_framework\replication_20260913\acceptance\r2-l3-a\TERMINAL.json","","","",""
"acceptance:r2-l3-b","common_acceptance","r2-l3-b","L3","B","","complete","","","","345.0929999999935","sum of actor process elapsed; independent clocks per review, preparation excluded","","1800","2","2","1019487","879488","11875","3036","true","[]","pass","true","[""pass"",""pass""]","false","6","false","false","D:\Grad_Study\Practimum\Formalization\review_history_retro_20260901\research_framework\replication_20260913\acceptance\r2-l3-b\TERMINAL.json","","","",""
"acceptance:r2-l4-a","common_acceptance","r2-l4-a","L4","A","","complete","","","","213.31200000003446","sum of actor process elapsed; independent clocks per review, preparation excluded","","1800","2","2","173929","139520","6371","1863","true","[]","pass","true","[""pass"",""pass""]","false","6","false","false","D:\Grad_Study\Practimum\Formalization\review_history_retro_20260901\research_framework\replication_20260913\acceptance\r2-l4-a\TERMINAL.json","","","",""
"acceptance:r2-l4-b","common_acceptance","r2-l4-b","L4","B","","complete","","","","232.7510000000475","sum of actor process elapsed; independent clocks per review, preparation excluded","","1800","2","2","161253","98688","7326","2037","true","[]","pass","true","[""pass"",""pass""]","false","6","false","false","D:\Grad_Study\Practimum\Formalization\review_history_retro_20260901\research_framework\replication_20260913\acceptance\r2-l4-b\TERMINAL.json","","","",""
"acceptance:r2-l4-c","common_acceptance","r2-l4-c","L4","C","","complete","","","","237.90700000000652","sum of actor process elapsed; independent clocks per review, preparation excluded","","1800","3","2","158358","118784","8748","2607","true","[]","pass","true","[""pass"",""pass""]","false","6","false","false","D:\Grad_Study\Practimum\Formalization\review_history_retro_20260901\research_framework\replication_20260913\acceptance\r2-l4-c\TERMINAL.json","","","",""
"acceptance:r2-l5-b","common_acceptance","r2-l5-b","L5","B","","complete","","","","184.25","sum of actor process elapsed; independent clocks per review, preparation excluded","","1800","2","2","212286","141824","6594","2126","true","[]","pass","true","[""pass"",""pass""]","false","6","false","false","D:\Grad_Study\Practimum\Formalization\review_history_retro_20260901\research_framework\replication_20260913\acceptance\r2-l5-b\TERMINAL.json","","","",""
"acceptance:r2-l5-c","common_acceptance","r2-l5-c","L5","C","","complete","","","","212.01599999994505","sum of actor process elapsed; independent clocks per review, preparation excluded","","1800","2","2","241224","151552","7672","1613","true","[]","pass","true","[""pass"",""pass""]","false","6","false","false","D:\Grad_Study\Practimum\Formalization\review_history_retro_20260901\research_framework\replication_20260913\acceptance\r2-l5-c\TERMINAL.json","","","",""
"acceptance:r2-l5-a","common_acceptance","r2-l5-a","L5","A","","complete","","","","260.93800000002375","sum of actor process elapsed; independent clocks per review, preparation excluded","","1800","2","2","214654","159872","8469","3910","true","[]","pass","true","[""pass"",""pass""]","false","6","false","false","D:\Grad_Study\Practimum\Formalization\review_history_retro_20260901\research_framework\replication_20260913\acceptance\r2-l5-a\TERMINAL.json","","","",""
"acceptance:r2-l6-c","common_acceptance","r2-l6-c","L6","C","","complete","","","","304.7510000000475","sum of actor process elapsed; independent clocks per review, preparation excluded","","1800","2","2","874252","723328","10577","3178","true","[]","pass","true","[""pass"",""pass""]","false","6","false","false","D:\Grad_Study\Practimum\Formalization\review_history_retro_20260901\research_framework\replication_20260913\acceptance\r2-l6-c\TERMINAL.json","","","",""
"acceptance:r2-l6-a","common_acceptance","r2-l6-a","L6","A","","complete","","","","569.6570000000647","sum of actor process elapsed; independent clocks per review, preparation excluded","","1800","3","3","1328066","1053568","16559","5930","true","[]","pass","true","[""pass"",""fail""]","true","6","false","false","D:\Grad_Study\Practimum\Formalization\review_history_retro_20260901\research_framework\replication_20260913\acceptance\r2-l6-a\TERMINAL.json","","","",""
"acceptance:r2-l6-b","common_acceptance","r2-l6-b","L6","B","","complete","","","","551.859000000055","sum of actor process elapsed; independent clocks per review, preparation excluded","","1800","3","2","792286","645120","14188","4175","true","[]","pass","true","[""pass"",""pass""]","false","6","false","false","D:\Grad_Study\Practimum\Formalization\review_history_retro_20260901\research_framework\replication_20260913\acceptance\r2-l6-b\TERMINAL.json","","","",""
"acceptance:r2-l7-a","common_acceptance","r2-l7-a","L7","A","","complete","","","","317.48399999999674","sum of actor process elapsed; independent clocks per review, preparation excluded","","1800","3","2","326341","235648","12996","3564","true","[]","pass","true","[""pass"",""pass""]","false","6","false","false","D:\Grad_Study\Practimum\Formalization\review_history_retro_20260901\research_framework\replication_20260913\acceptance\r2-l7-a\TERMINAL.json","","","",""
"acceptance:r2-l7-b","common_acceptance","r2-l7-b","L7","B","","complete","","","","307.09399999998277","sum of actor process elapsed; independent clocks per review, preparation excluded","","1800","2","2","361184","254592","11946","3381","true","[]","pass","true","[""pass"",""pass""]","false","6","false","false","D:\Grad_Study\Practimum\Formalization\review_history_retro_20260901\research_framework\replication_20260913\acceptance\r2-l7-b\TERMINAL.json","","","",""
"acceptance:r2-l7-c","common_acceptance","r2-l7-c","L7","C","","complete","","","","252.26600000000326","sum of actor process elapsed; independent clocks per review, preparation excluded","","1800","2","2","216566","130048","10138","2966","true","[]","pass","true","[""pass"",""pass""]","false","6","false","false","D:\Grad_Study\Practimum\Formalization\review_history_retro_20260901\research_framework\replication_20260913\acceptance\r2-l7-c\TERMINAL.json","","","",""
"acceptance:r2-m1-b","common_acceptance","r2-m1-b","M1","B","","complete","","","","370.4230000000098","sum of actor process elapsed; independent clocks per review, preparation excluded","","1800","2","2","1534061","1316480","13138","2577","true","[]","pass","true","[""pass"",""pass""]","false","6","false","false","D:\Grad_Study\Practimum\Formalization\review_history_retro_20260901\research_framework\replication_20260913\acceptance\r2-m1-b\TERMINAL.json","","","",""
"acceptance:r2-m1-c","common_acceptance","r2-m1-c","M1","C","","complete","","","","420.01499999995576","sum of actor process elapsed; independent clocks per review, preparation excluded","","1800","2","2","2097269","1881344","14157","3603","true","[]","pass","true","[""pass"",""pass""]","false","6","false","false","D:\Grad_Study\Practimum\Formalization\review_history_retro_20260901\research_framework\replication_20260913\acceptance\r2-m1-c\TERMINAL.json","","","",""
"acceptance:r2-m1-a","common_acceptance","r2-m1-a","M1","A","","complete","","","","344.25","sum of actor process elapsed; independent clocks per review, preparation excluded","","1800","2","2","1268992","1037824","14242","4581","true","[]","fail","true","[""fail"",""fail""]","false","6","false","false","D:\Grad_Study\Practimum\Formalization\review_history_retro_20260901\research_framework\replication_20260913\acceptance\r2-m1-a\TERMINAL.json","","","",""
"acceptance:r2-m2-c","common_acceptance","r2-m2-c","M2","C","","complete","","","","302.56300000002375","sum of actor process elapsed; independent clocks per review, preparation excluded","","1800","2","2","490133","384768","10232","2951","true","[]","pass","true","[""pass"",""pass""]","false","6","false","false","D:\Grad_Study\Practimum\Formalization\review_history_retro_20260901\research_framework\replication_20260913\acceptance\r2-m2-c\TERMINAL.json","","","",""
"acceptance:r2-m2-a","common_acceptance","r2-m2-a","M2","A","","complete","","","","321.2980000000098","sum of actor process elapsed; independent clocks per review, preparation excluded","","1800","2","2","319450","215552","10944","3217","true","[]","pass","true","[""pass"",""pass""]","false","6","false","false","D:\Grad_Study\Practimum\Formalization\review_history_retro_20260901\research_framework\replication_20260913\acceptance\r2-m2-a\TERMINAL.json","","","",""
"acceptance:r2-m2-b","common_acceptance","r2-m2-b","M2","B","","complete","","","","479.9999999999418","sum of actor process elapsed; independent clocks per review, preparation excluded","","1800","4","3","1034741","864384","17176","5939","true","[]","fail","true","[""inconclusive"",""fail""]","true","6","false","false","D:\Grad_Study\Practimum\Formalization\review_history_retro_20260901\research_framework\replication_20260913\acceptance\r2-m2-b\TERMINAL.json","","","",""
"acceptance:r2-m3-a","common_acceptance","r2-m3-a","M3","A","","complete","","","","187.78099999995902","sum of actor process elapsed; independent clocks per review, preparation excluded","","1800","2","2","80331","45440","6362","1974","true","[]","pass","true","[""pass"",""pass""]","false","6","false","false","D:\Grad_Study\Practimum\Formalization\review_history_retro_20260901\research_framework\replication_20260913\acceptance\r2-m3-a\TERMINAL.json","","","",""
"acceptance:r2-m3-b","common_acceptance","r2-m3-b","M3","B","","complete","","","","224.39100000000326","sum of actor process elapsed; independent clocks per review, preparation excluded","","1800","2","2","91478","54144","7995","2901","true","[]","pass","true","[""pass"",""pass""]","false","6","false","false","D:\Grad_Study\Practimum\Formalization\review_history_retro_20260901\research_framework\replication_20260913\acceptance\r2-m3-b\TERMINAL.json","","","",""
"acceptance:r2-m3-c","common_acceptance","r2-m3-c","M3","C","","complete","","","","225.54699999996228","sum of actor process elapsed; independent clocks per review, preparation excluded","","1800","2","2","173340","128512","6879","1827","true","[]","pass","true","[""pass"",""pass""]","false","6","false","false","D:\Grad_Study\Practimum\Formalization\review_history_retro_20260901\research_framework\replication_20260913\acceptance\r2-m3-c\TERMINAL.json","","","",""
"acceptance:r2-h1-b","common_acceptance","r2-h1-b","H1","B","","complete","","","","301.8279999999795","sum of actor process elapsed; independent clocks per review, preparation excluded","","1800","2","2","537929","427520","9648","2266","true","[]","pass","true","[""pass"",""pass""]","false","6","false","false","D:\Grad_Study\Practimum\Formalization\review_history_retro_20260901\research_framework\replication_20260913\acceptance\r2-h1-b\TERMINAL.json","","","",""
"acceptance:r2-h1-c","common_acceptance","r2-h1-c","H1","C","","complete","","","","447.719000000041","sum of actor process elapsed; independent clocks per review, preparation excluded","","1800","2","2","547114","442240","10029","2560","true","[]","pass","true","[""pass"",""pass""]","false","6","false","false","D:\Grad_Study\Practimum\Formalization\review_history_retro_20260901\research_framework\replication_20260913\acceptance\r2-h1-c\TERMINAL.json","","","",""
"acceptance:r2-h1-a","common_acceptance","r2-h1-a","H1","A","","complete","","","","295.969000000041","sum of actor process elapsed; independent clocks per review, preparation excluded","","1800","2","2","356353","265856","10160","3042","true","[]","pass","true","[""pass"",""pass""]","false","6","false","false","D:\Grad_Study\Practimum\Formalization\review_history_retro_20260901\research_framework\replication_20260913\acceptance\r2-h1-a\TERMINAL.json","","","",""
"acceptance:l3-repair-a","common_acceptance","l3-repair-a","L3","A","","complete","","","","323.89100000000326","sum of actor process elapsed; independent clocks per review, preparation excluded","","1800","2","2","1038325","871936","10819","3521","true","[]","pass","true","[""pass"",""pass""]","false","6","false","false","D:\Grad_Study\Practimum\Formalization\review_history_retro_20260901\research_framework\replication_20260913\acceptance\l3-repair-a\TERMINAL.json","","","",""
"acceptance:l3-repair-b","common_acceptance","l3-repair-b","L3","B","","complete","","","","317.34399999998277","sum of actor process elapsed; independent clocks per review, preparation excluded","","1800","2","2","1139305","974720","10656","2681","true","[]","pass","true","[""pass"",""pass""]","false","6","false","false","D:\Grad_Study\Practimum\Formalization\review_history_retro_20260901\research_framework\replication_20260913\acceptance\l3-repair-b\TERMINAL.json","","","",""
