对象_配置_运行或候选ID,观察时点及性质,具体问题与范围,当时结论,既有后续记录及其时间,生产状态证据_自身日期,包内证据引用,仍未知的内容
L3 / A / A_original_development_r1 / coverage-L3_prob_7_6_to_ex_10_3_2-A-r1 / root-4169a07f-6749-48c1-b087-fbabfa223640 / cand-da84ef9a9f0ba214ab52,封存实验；首次派发 2026-09-11T04:35:33.857775+08:00；末次角色返回 2026-09-11T05:45:20.870715+08:00；后者不冒充提交时点,证明在已声明前提下正确，但Scheffé入口仍要求所有项可积，未交付原任务允许的最终尾部包装。 范围：原任务最终尾部T；不要求额外E包装,原共同终验 pass；2026-09-12 09:19:19.833182+08:00 更正记录 incomplete,当前报告截止 2026-09-12 09:22:31.625939+08:00；A02 已列更正，未产生新求解。没有由本轮补出的后续修复,当前正式库对应状态未核验；所查原候选/终验/报告索引未提供可靠实验候选→正式库对象绑定,verification/supporting_records/candidates/L3-A; verification/CANDIDATE_DELIVERY_INDEX.json; manuscript/evidence/r9_rewrite_evidence/sources/A02.json; verification/supporting_records/candidates/L3-A/current_evidence/L3-candidate-ca86a7f5709c-1.json,正式库是否采用该候选及采用后状态；不从同名定理、旧 pass 或库级总数推断。整包缺接口的原检查结论和完整候选范围均保留。
L7 / A / A_original_development_r1 / coverage-L7_thm_10_10_to_10_11-A-r1 / root-8b1680db-a629-4fa3-9f68-941ccba4c8d1 / cand-a5ef5c2f70ca8ec650cd,封存实验；首次派发 2026-09-11T07:17:12.613265+08:00；末次角色返回 2026-09-11T08:16:04.455556+08:00；后者不冒充提交时点,原部分候选缺整个thm_10_11分支；条件修正不能代替缺失的交付。 范围：原部分候选，仅第一题完成。,原共同终验 fail；2026-09-12 09:19:19.833182+08:00 更正记录 incomplete,当前报告截止 2026-09-12 09:22:31.625939+08:00；A02 已列更正，未产生新求解。独立 A 修复另列，不替换原主表,当前正式库对应状态未核验；所查原候选/终验/报告索引未提供可靠实验候选→正式库对象绑定,verification/supporting_records/candidates/L7-A; verification/CANDIDATE_DELIVERY_INDEX.json; manuscript/evidence/r9_rewrite_evidence/sources/A02.json; verification/supporting_records/candidates/L7-A/current_evidence/adjudicator.json; verification/supporting_records/candidates/L7-A/current_evidence/reviewer-1.json; verification/supporting_records/candidates/L7-A/current_evidence/reviewer-2.json,正式库是否采用该候选及采用后状态；不从同名定理、旧 pass 或库级总数推断。整包缺接口的原检查结论和完整候选范围均保留。
L3 / B / B_transport_r4 / coverage-L3-B-r4-001 / root-38384577-742c-4f28-814a-95d1a272bff5 / cand-447c36e582349b851e22,封存实验；首次派发 2026-09-11T17:36:53.619378+08:00；末次角色返回 2026-09-11T18:10:02.678937+08:00；后者不冒充提交时点,证明在已声明前提下正确，但Scheffé入口仍要求所有项可积，未交付原任务允许的最终尾部包装。 范围：原任务最终尾部T；不要求额外E包装,原共同终验 fail；2026-09-12 09:19:19.833182+08:00 更正记录 incomplete,当前报告截止 2026-09-12 09:22:31.625939+08:00；A02 已列更正，未产生新求解。没有由本轮补出的后续修复,当前正式库对应状态未核验；所查原候选/终验/报告索引未提供可靠实验候选→正式库对象绑定,verification/supporting_records/candidates/L3-B; verification/CANDIDATE_DELIVERY_INDEX.json; manuscript/evidence/r9_rewrite_evidence/sources/A02.json; verification/supporting_records/candidates/L3-B/current_evidence/L3-candidate-b299284a15fd-1.json,正式库是否采用该候选及采用后状态；不从同名定理、旧 pass 或库级总数推断。整包缺接口的原检查结论和完整候选范围均保留。
L7 / B / B_transport_r4 / coverage-L7-B-r4-001 / root-7df97779-0b9e-4401-acb6-2887a3798f62 / cand-101c389bf124f99e0871,封存实验；首次派发 2026-09-12T02:13:53.380042+08:00；末次角色返回 2026-09-12T02:42:53.074213+08:00；后者不冒充提交时点,原双评及裁决均认可显式前提下的证明；两个公开支持定理实际交付复合可测性。当前标准接纳已说明的合理修正版，不再以原缺陷合同阻断。 范围：Borel函数、环境空间逐点连续；另要求S本身可测，是较强充分修正，按当前修正版标准接纳但不抹平范围差别。,原共同终验 fail；2026-09-12 09:19:19.833182+08:00 更正记录 pass,当前报告截止 2026-09-12 09:22:31.625939+08:00；A02 已列更正，未产生新求解。没有由本轮补出的后续修复,当前正式库对应状态未核验；所查原候选/终验/报告索引未提供可靠实验候选→正式库对象绑定,verification/supporting_records/candidates/L7-B; verification/CANDIDATE_DELIVERY_INDEX.json; manuscript/evidence/r9_rewrite_evidence/sources/A02.json; verification/supporting_records/candidates/L7-B/current_evidence/adjudicator.json; verification/supporting_records/candidates/L7-B/current_evidence/reviewer-1.json; verification/supporting_records/candidates/L7-B/current_evidence/reviewer-2.json; verification/supporting_records/candidates/L7-B/current_evidence/thm_10_11.lean,正式库是否采用该候选及采用后状态；不从同名定理、旧 pass 或库级总数推断。整包缺接口的原检查结论和完整候选范围均保留。
L3 / C / C_runtime_r3 / c-r3-l3-001 / root-ba17577d-9363-4b5d-bd31-de00307fd0dd / cand-5b273faa031edeeab742,封存实验；首次派发 2026-09-11T17:36:41.215723+08:00；末次角色返回 2026-09-11T18:16:35.334227+08:00；后者不冒充提交时点,真实最终尾部可积接口及负部、一范数、密度和正态边界证明均完成。 范围：原任务最终尾部T；不要求额外E包装,原共同终验 pass；2026-09-12 09:19:19.833182+08:00 更正记录 pass,当前报告截止 2026-09-12 09:22:31.625939+08:00；A02 已列更正，未产生新求解。没有由本轮补出的后续修复,当前正式库对应状态未核验；所查原候选/终验/报告索引未提供可靠实验候选→正式库对象绑定,verification/supporting_records/candidates/L3-C; verification/CANDIDATE_DELIVERY_INDEX.json; manuscript/evidence/r9_rewrite_evidence/sources/A02.json; verification/supporting_records/candidates/L3-C/current_evidence/L3-candidate-6d87e44415de-1.json,正式库是否采用该候选及采用后状态；不从同名定理、旧 pass 或库级总数推断。整包缺接口的原检查结论和完整候选范围均保留。
L7 / C / C_runtime_r3 / c-r3-l7-001 / root-0d242f5b-bee0-4c49-8a38-3a608b699779 / cand-c2fb5f540fc9fa12c894,封存实验；首次派发 2026-09-12T02:13:40.683022+08:00；末次角色返回 2026-09-12T02:45:57.046526+08:00；后者不冒充提交时点,两份有效独立评价确认两题数学、修正和披露；当前标准接纳该完整合理修正版。 范围：Borel函数、环境空间逐点连续；预像事件可测或几乎处处成员。另保留无函数可测性的数值核心。,原共同终验 unresolved；2026-09-12 09:19:19.833182+08:00 更正记录 pass,当前报告截止 2026-09-12 09:22:31.625939+08:00；A02 已列更正，未产生新求解。没有由本轮补出的后续修复,当前正式库对应状态未核验；所查原候选/终验/报告索引未提供可靠实验候选→正式库对象绑定,verification/supporting_records/candidates/L7-C; verification/CANDIDATE_DELIVERY_INDEX.json; manuscript/evidence/r9_rewrite_evidence/sources/A02.json; verification/supporting_records/candidates/L7-C/current_evidence/REVIEW_RESULT.json; verification/supporting_records/candidates/L7-C/current_evidence/REVIEW_RESULT.json,正式库是否采用该候选及采用后状态；不从同名定理、旧 pass 或库级总数推断。整包缺接口的原检查结论和完整候选范围均保留。
L7 / A / A_l7_repair_r1 / coverage-L7-A-repair-r1-20260911 / root-ee619db0-d101-434f-b0cd-54c850862b1c / cand-1726295c45eec3a9196c,封存实验；首次派发 2026-09-11T16:03:47.660203+08:00；末次角色返回 2026-09-11T17:01:44.655673+08:00；后者不冒充提交时点,原两评认可数值收敛证明，但原公开结论未交付复合输出可测性；修正任务允许加入函数可测性，并不自动生成候选缺少的证明。 范围：原显式接口中的数值收敛已证明；完整随机向量资格尚未交付。,原共同终验 fail；2026-09-12 09:19:19.833182+08:00 更正记录 incomplete,当前报告截止 2026-09-12 09:22:31.625939+08:00；A02 已列更正，未产生新求解。独立 A 修复另列，不替换原主表,当前正式库对应状态未核验；所查原候选/终验/报告索引未提供可靠实验候选→正式库对象绑定,verification/supporting_records/candidates/L7-A-repair; verification/CANDIDATE_DELIVERY_INDEX.json; manuscript/evidence/r9_rewrite_evidence/sources/A02.json; verification/supporting_records/candidates/L7-A-repair/current_evidence/reviewer-1.json; verification/supporting_records/candidates/L7-A-repair/current_evidence/reviewer-2.json; verification/supporting_records/candidates/L7-A-repair/current_evidence/thm_10_11.lean,正式库是否采用该候选及采用后状态；不从同名定理、旧 pass 或库级总数推断。整包缺接口的原检查结论和完整候选范围均保留。
L1 / A / A_original_development_r1 / pilot-prob_13_9-A-r1 / root-795ff7ed-7d40-4ca2-93f1-aa1a8f0a7f2c,原开发运行；恢复回执 2026-09-10T16:08:03.2141265Z,已有通过意见因返回/不可变性检查和可读结果传递问题无法应用；D01 所记 reviewer_session 与 D02 actor dispatch/session 有冲突,保存的恢复与控制器完成结果存在；原共同终验及当前表 pass,恢复记录声称按原字节复制意见、未重置根时钟；未独立读取历史容器目的地。09-12 09:22 截止沿用 pass,当前正式库对应状态未核验；实验内部 review_apply 回执不证明当前正式库落地,verification/L1_MAP.json; verification/supporting_records/L1/N02; manuscript/evidence/r9_rewrite_evidence/sources/D01.json; manuscript/evidence/r9_rewrite_evidence/sources/D02.json; manuscript/evidence/r9_rewrite_evidence/sources/D03.json; manuscript/evidence/r9_rewrite_evidence/sources/D04.json; manuscript/evidence/r9_rewrite_evidence/sources/D05.txt,会话归属冲突的唯一原因；目的地当时实际字节的独立再读；正式库绑定
L1 / C / C_pilot_r1 / pilot-prob_13_9-C-r1 / root-8124accb-668d-499a-800f-6dcf2d1aad02,初始 C 开发运行；封存 N06/N07 的历史时间字段,请求检查已实际启动，但协调者提交时未得到所需意见；提交披露仍待检查,检查可用性不等于数学失败；不得用后续结果倒写早期可读状态,后续 C_runtime_r3 单独列出；不是同一受控条件下复现实验,当前正式库对应状态未核验；实验内部 review_apply 回执不证明当前正式库落地,verification/L1_MAP.json; verification/supporting_records/L1/N06; verification/supporting_records/L1/N07,未建立角色组织方式的净效果；正式库绑定
L1 / B / B_transport_r4 / coverage-B-r4-first-authorized-run / root-4dc90fd1-556f-4086-8c76-0e2cc1dbe364,后续 B r4；N08 原始事件时间、提交回执，封存观察 2026-09-11,审核指出公开接口要求所有自然数时点的可测性/可积性，而任务只要求正时点且 X0=0,主作者内部推出时点零性质并调整公开接口；辅助引理保留全时点前提,原 N08 保留评审、作者修改和最终候选；截至 09-12 09:22 主表 pass,当前正式库对应状态未核验；实验内部 review_apply 回执不证明当前正式库落地,verification/L1_MAP.json; verification/supporting_records/L1/N08; manuscript/evidence/r9_rewrite_evidence/sources/A02.json,该变化是否进入正式库；不能把其他候选的同名接口当作此候选
L1 / C / C_runtime_r3 / c-r3-l1-001 / root-5cff43da-5b77-4bcc-99fe-57d5bc067bac,后续 C r3；N10 封存观察 2026-09-11T03:50:33Z（不是事件首次发生时间）,协调者取得可读的通过意见，并据此提交；不要求无缺陷通过意见产生代码变化,已有检查进入提交决策；数学源码不变不等于反馈无效,N10 原事件/结束回执；截至 09-12 09:22 主表 pass,当前正式库对应状态未核验；实验内部 review_apply 回执不证明当前正式库落地,verification/L1_MAP.json; verification/supporting_records/L1/N10; manuscript/evidence/r9_rewrite_evidence/sources/A02.json,没有同等条件的净效应估计；正式库绑定
H1 / A / A_runtime_r2_late_development / coverage-H1_inversion_chain-A-r2 / root-629e5842-2dbe-4bf4-be4d-b8eb1d3a26d4,原根续作；帮助产出事件 2026-09-11T06:18:26–06:19:16Z，后续恢复/采用时间见 U08 事件,第三次反演帮助产物已存在但导出权限失败；必须分开产出、宿主恢复、作者读取/应用及验证,保存补丁、导出失败原文、作者应用事件和完整目标；最终成功包含宿主恢复,U13 保留五题内部应用及联合构建的既有回执；后续共同验收截至 09-12 09:22 为 pass,当前正式库对应状态未核验；实验内部 review_apply 回执不证明当前正式库落地,verification/H1_MAP.json; verification/supporting_records/H1/U08; verification/supporting_records/H1/U13; verification/supporting_records/H1/recovery; manuscript/evidence/r9_rewrite_evidence/sources/A02.json,内部应用不等于当前正式库对应状态；不证明去掉门控会改善结局
H1 / A / A_runtime_r2_late_development / coverage-H1_inversion_chain-A-r2 / root-629e5842-2dbe-4bf4-be4d-b8eb1d3a26d4 / thm_9_6 审核绑定,H1 原根续作；更正前后公开意见、角色回执与 U09 原事件时间,通过意见的 review_input_hash/evidence_review 与接受对象不符；属于证据绑定失败,同一审核者更正绑定后才应用；既有记录称候选字节未改,U09 原被拒意见、更正后意见、同审核会话回执和应用事件均随包；截至报告截止整组通过,当前正式库对应状态未核验；实验内部 review_apply 回执不证明当前正式库落地,verification/H1_MAP.json; verification/supporting_records/H1/U09; verification/supporting_records/H1/U13,当前正式库是否沿用此实验应用；不能把绑定失败写为数学错误或把修复描述为换审核者取票
